<?xml version="1.0" encoding="UTF-8"?>
<addon id="plugin.video.90phuttv" version="1.0.24" name="90PhutTV" provider-name="hoaivnpt">
<requires>
  <import addon="xbmc.python" version="3.0.1"/>
  <import addon="script.module.requests"/>
</requires>
<extension point="xbmc.python.pluginsource" library="main.py">
  <provides>video</provides>
</extension>
<extension point="xbmc.addon.metadata">
  <summary lang="en_GB">90PHUT TV</summary>
  <description lang="en_GB">Xem trực tiếp bóng đá từ các nguồn 90PHUT, CAKHIA, SAOKE...</description>
  <disclaimer lang="en_GB">Provided by hoaivnpt</disclaimer>
  <license>GPL-3.0-only	</license>
  <assets>
    <icon>icon.png</icon>
    <fanart>fanart.jpg</fanart>
  </assets>
  <news>Ver 1.0.24: Sửa lỗi RakhoiTV (16/8/2025).
  </news>
</extension>
</addon>
