<?xml version="1.0" encoding="UTF-8" standalone="yes"?>
<addon id="service.subtitles.a4ksubtitles"
       name="a4kSubtitles"
       version="3.21.2"
       provider-name="Unknown">
    <requires>
      <import addon="script.module.requests"/>
      <import addon="vfs.libarchive" optional="true"/>
    </requires>
    <extension point="xbmc.subtitle.module" library="main.py"/>
    <extension point="xbmc.service" library="main_service.py" />
    <extension point="xbmc.addon.metadata">
        <summary lang="en">a4kSubtitles - Multi-Source Subtitles Addon</summary>
        <description>
Multi-source subtitles addon optimized for Seren and a4kScrapers.
Supports: OpenSubtitles, BSPlayer, Podnadpisi.NET, SubDL, Addic7ed
        </description>
        <platform>all</platform>
        <reuselanguageinvoker>true</reuselanguageinvoker>
        <license>MIT License</license>
        <website>https://github.com/newt-sc/a4kSubtitles</website>
        <source>https://github.com/newt-sc/a4kSubtitles</source>
        <assets>
            <icon>icon.png</icon>
        </assets>
    </extension>
</addon>
