<?xml version="1.0" encoding="UTF-8" standalone="yes"?>
<addon id="script.module.horus" name="Horus" version="1.1.9" provider-name="Caperucitaferoz">
    <requires>
        <import addon="script.module.six" />
    </requires>
    <extension point="xbmc.python.pluginsource" library="default.py">
        <provides>executable</provides>
    </extension>
    <extension point="xbmc.addon.metadata">
        <description>Horus - Ace Stream</description>
        <disclaimer>Horus - Ace Stream</disclaimer>
        <platform>all</platform>
        <assets>
              <icon>icon.png</icon>
        </assets>
        <forum>https://t.me/KodiManiac
        https://t.me/acestream_spanish</forum>
    </extension>
</addon>
