<?xml version="1.0" encoding="UTF-8" standalone="yes"?>
<addon id="script.skinshortcuts" name="Skin Shortcuts" version="2.0.3" provider-name="BigNoid, marcelveldt, SiLVO, anxdpanic">
    <requires>
        <import addon="xbmc.python" version="3.0.0"/>
        <import addon="script.module.unidecode" version="1.1.1+matrix.2"/>
        <import addon="script.module.simpleeval" version="0.9.10"/>
    </requires>
    <extension point="xbmc.python.library" library="resources/lib/entry_point.py"/>
    <extension point="xbmc.addon.metadata">
        <platform>all</platform>
        <license>GPL-2.0-only</license>
        <assets>
            <icon>icon.png</icon>
        </assets>
        <description lang="en_GB">Add-on for skins to provide simple managing and listing of user shortcuts (requires skin support)</description>
        <description lang="en_US">Add-on for skins to provide simple managing and listing of user shortcuts (requires skin support)</description>
    </extension>
</addon>
