<?xml version="1.0" encoding="UTF-8" standalone="yes"?>
<addon id="script.module.requests-cache"
       name="requests-cache"
       version="0.5.3"
       provider-name="Roman Haritonov">
  <requires>
    <import addon="xbmc.python" version="3.0.0"/>
    <import addon="script.module.requests" version="2.22.0+matrix.1"/>
  </requires>
  <extension point="xbmc.python.module"
             library="lib" />
  <extension point="xbmc.addon.metadata">
    <summary lang="en_GB">Persistent cache for requests library</summary>
    <description lang="en_GB">Packed for KODI: requests-cache</description>
    <platform>all</platform>
    <license>BSD</license>
    <website>https://pypi.org/project/requests-cache/</website>
    <source>https://github.com/reclosedev/requests-cache</source>
    <assets>
      <icon>icon.png</icon>
    </assets>
  </extension>
</addon>
