<?xml version="1.0" encoding="UTF-8" standalone="yes"?>
<addon id="repository.nixgates" name="Nixgates Repo" version="2.2.0" provider-name="Nixgates">
	<extension point="xbmc.addon.repository" name="Nixgates Repo">
		<dir minversion="18.0">
			<info compressed="false">https://raw.githubusercontent.com/nixgates/nixgates/master/repo/zips/addons.xml</info>
			<checksum>https://raw.githubusercontent.com/nixgates/nixgates/master/repo/zips/addons.xml.md5</checksum>
			<datadir zip="true">https://raw.githubusercontent.com/nixgates/nixgates/master/repo/zips/</datadir>
		</dir>
		<dir minversion="18.0" maxversion="18.9.0">
			<info compressed="false">https://raw.githubusercontent.com/nixgates/nixgates/master/leia/zips/addons.xml</info>
			<checksum>https://raw.githubusercontent.com/nixgates/nixgates/master/leia/zips/addons.xml.md5</checksum>
			<datadir zip="true">https://raw.githubusercontent.com/nixgates/nixgates/master/leia/zips/</datadir>
		</dir>
		<dir minversion="18.9.0">
			<info compressed="false">https://raw.githubusercontent.com/nixgates/nixgates/master/matrix/zips/addons.xml</info>
			<checksum>https://raw.githubusercontent.com/nixgates/nixgates/master/matrix/zips/addons.xml.md5</checksum>
			<datadir zip="true">https://raw.githubusercontent.com/nixgates/nixgates/master/matrix/zips/</datadir>
		</dir>
	</extension>
	<extension point="xbmc.addon.metadata">
		<summary>Nixgates</summary>
		<description>Nixgates Repository</description>
		<platform>all</platform>
		<assets>
			<icon>icon.png</icon>
		</assets>
	</extension>
</addon>