<?xml version="1.0" encoding="UTF-8"?>
<addon id="plugin.video.kodi609ophim" version="1.0.0" name="Ổ Phim" provider-name="Kodi609">
<requires>
  <import addon="xbmc.python" version="3.0.1"/>
  <import addon="script.module.requests"/>
</requires>
<extension point="xbmc.python.pluginsource" library="main.py">
  <provides>video</provides>
</extension>
<extension point="xbmc.addon.metadata">
  <summary lang="vi_VN">Ổ Phim</summary>
  <description lang="vi_VN">Xem Ổ Phim ở đây!</description>
  <disclaimer lang="vi_VN">Provided by Kodi609</disclaimer>
  <license>GPL-3.0-only	</license>
  <assets>
    <icon>icon.png</icon>
    <fanart>fanart.jpg</fanart>
  </assets>
  <news>1. Ver 1.0.0: OPhim</news>
</extension>
</addon>
