<?xml version="1.0" encoding="UTF-8" standalone="yes"?>
<addon id="plugin.video.youtube" name="YouTube" version="7.1.1" provider-name="anxdpanic, bromix, MoojMidge">
    <requires>
        <import addon="xbmc.python" version="3.0.0"/>
        <import addon="script.module.requests" version="2.27.1"/>
        <import addon="inputstream.adaptive" version="19.0.0"/>
        <import addon="script.module.inputstreamhelper" version="0.2.2" optional="true"/>
        <import addon="script.module.pysocks" optional="true"/>
    </requires>
    <extension point="xbmc.python.pluginsource" library="resources/lib/plugin.py">
        <provides>video</provides>
    </extension>
    <extension point="xbmc.service" library="resources/lib/service.py"/>
    <extension point="xbmc.python.module" library="resources/lib/"/>
    <extension point="xbmc.python.script" library="resources/lib/script.py">
        <provides>executable</provides>
    </extension>
    <extension point="xbmc.addon.metadata">
        <assets>
            <icon>resources/media/icon.png</icon>
            <fanart>resources/media/fanart.jpg</fanart>
        </assets>
        <platform>all</platform>
        <license>GPL-2.0-only</license>
        <forum>https://ytaddon.panicked.xyz/forum</forum>
        <website>https://www.youtube.com</website>
        <source>https://github.com/anxdpanic/plugin.video.youtube</source>
        <reuselanguageinvoker>true</reuselanguageinvoker>
        <summary lang="en_GB">Plugin for YouTube</summary>
        <summary lang="vi_VN">Plugin dành cho YouTube</summary>
        <description lang="en_GB">YouTube is one of the biggest video-sharing websites of the world.</description>
        <description lang="vi_VN">YouTube là một trong những trang web chia sẻ video lớn nhất trên thế giới.</description>
        <disclaimer lang="en_GB">This plugin is not endorsed by Google</disclaimer>
        <disclaimer lang="vi_VN">Plugin này không được xác nhận bởi Google</disclaimer>
     </extension>
</addon>
